,imagehash_phashes
0,40
1,28
2,16
3,12
4,14
5,40
6,18
7,28
8,34
9,16
10,24
11,18
12,18
13,36
14,0
15,4
16,30
17,16
18,28
19,14
20,32
21,10
22,36
23,4
24,36
25,22
26,30
27,24
28,36
29,38
30,34
31,0
32,18
33,12
34,0
35,24
36,14
37,30
38,28
39,20
40,8
41,0
42,2
43,42
44,20
45,16
46,0
47,28
48,34
49,18
50,20
51,34
52,16
53,32
54,12
55,4
56,16
57,20
58,38
59,20
60,28
61,38
62,16
63,14
64,12
65,30
66,10
67,8
68,32
69,28
70,16
71,32
72,24
73,38
74,34
75,10
76,32
77,0
78,38
79,28
80,12
81,16
82,26
83,30
84,4
85,14
86,26
87,32
88,34
89,30
90,36
91,16
92,26
93,36
94,2
95,10
96,20
97,4
98,40
99,38
100,38
101,14
102,36
103,28
104,20
105,8
106,22
107,20
108,32
109,18
110,16
111,44
112,16
113,16
114,2
115,36
116,12
117,26
118,18
119,16
120,22
121,32
122,28
123,40
124,0
125,0
126,2
127,0
128,2
129,0
130,0
131,0
132,0
133,0
134,0
135,0
136,0
137,0
138,0
139,0
140,0
141,0
142,2
143,0
144,0
145,0
146,0
147,0
148,2
149,0
150,0
151,2
152,0
153,2
154,0
155,2
156,2
157,0
158,0
159,2
160,0
161,2
162,0
163,0
164,0
165,0
166,2
167,0
168,0
169,2
170,2
171,0
172,0
173,0
174,0
175,0
176,0
177,0
178,0
179,2
180,0
181,0
182,0
183,0
184,0
185,0
186,0
187,2
188,0
189,0
190,0
191,0
192,0
193,0
194,2
195,0
196,0
197,0
198,0
199,0
200,0
201,2
202,0
203,0
204,0
205,0
206,0
207,0
208,0
209,0
210,0
211,0
212,2
213,2
214,0
215,0
216,0
217,0
218,0
219,0
220,2
221,0
222,0
223,2
224,0
225,0
226,0
227,0
228,2
229,2
230,2
231,0
232,0
233,0
234,2
235,2
236,0
237,0
238,0
239,0
240,2
241,0
242,0
243,2
244,0
245,0
246,2
247,0
248,0
249,0
250,0
251,0
252,0
253,0
254,2
255,2
256,0
257,2
258,0
259,0
260,0
261,0
262,0
263,0
264,0
265,2
266,2
267,0
268,2
269,2
270,0
271,2
272,0
273,0
274,0
275,0
276,2
277,0
278,0
279,2
280,0
281,0
282,0
283,0
284,0
285,2
286,2
287,0
288,0
289,2
290,0
291,0
292,2
293,0
294,0
295,0
296,0
297,2
298,0
299,0
300,0
301,0
302,0
303,0
304,0
305,0
306,0
307,2
308,0
309,0
310,0
311,0
312,0
313,2
314,0
315,0
316,0
317,2
318,0
319,2
320,0
321,2
322,0
323,2
324,0
325,0
326,0
327,2
328,2
329,0
330,0
331,0
332,0
333,0
334,2
335,2
336,0
337,0
338,0
339,2
340,2
341,2
342,2
343,2
344,0
345,0
346,2
347,0
348,0
349,0
350,0
351,2
352,0
353,2
354,0
355,0
356,0
357,0
358,0
359,0
360,0
361,0
362,2
363,0
364,2
365,0
366,0
367,0
368,0
369,0
370,0
371,0
372,2
373,0
374,0
375,0
376,0
377,0
378,0
379,0
380,0
381,0
382,2
383,0
384,2
385,2
386,0
387,0
388,0
389,0
390,2
391,2
392,0
393,0
394,0
395,0
396,2
397,2
398,2
399,2
400,0
401,0
402,0
403,2
404,0
405,2
406,0
407,0
408,2
409,2
410,0
411,0
412,0
413,0
414,0
415,0
416,0
417,2
418,0
419,0
420,0
421,0
422,0
423,0
424,0
425,0
426,2
427,0
428,0
429,0
430,0
431,0
432,0
433,0
434,0
435,0
436,0
437,0
438,0
439,0
440,2
441,0
442,0
443,2
444,0
445,0
446,0
447,0
448,2
449,0
450,0
451,2
452,0
453,2
454,0
455,0
456,2
457,0
458,2
459,0
460,2
461,0
462,2
463,0
464,0
465,0
466,2
467,0
468,0
469,2
470,0
471,2
472,0
473,2
474,0
475,0
476,0
477,0
478,0
479,0
480,2
481,0
482,0
483,2
484,0
485,2
486,0
487,0
488,0
489,2
490,0
491,0
492,0
493,0
494,0
495,2
496,0
497,2
498,0
499,0
500,0
501,0
502,2
503,0
504,0
505,2
506,0
507,0
508,0
509,0
510,2
511,2
512,2
513,0
514,0
515,0
516,0
517,0
518,0
519,2
520,0
521,0
522,0
523,0
524,0
525,0
526,0
527,2
528,2
529,0
530,0
531,0
532,0
533,0
534,0
535,2
536,0
537,2
538,2
539,0
540,0
541,2
542,2
543,0
544,0
545,0
546,0
547,2
548,2
549,6
550,2
551,2
552,0
553,6
554,0
555,0
556,2
557,2
558,4
559,0
560,4
561,0
562,2
563,2
564,2
565,0
566,2
567,0
568,2
569,0
570,2
571,0
572,2
573,0
574,0
575,2
576,0
577,2
578,2
579,4
580,4
581,4
582,0
583,0
584,2
585,2
586,0
587,0
588,2
589,4
590,0
591,2
592,0
593,2
594,0
595,2
596,2
597,0
598,0
599,2
600,0
601,2
602,2
603,2
604,0
605,0
606,4
607,0
608,0
609,0
610,4
611,4
612,2
613,0
614,4
615,0
616,2
617,2
618,4
619,0
620,2
621,0
622,2
623,2
624,0
625,2
626,0
627,0
628,2
629,0
630,0
631,2
632,0
633,2
634,2
635,0
636,0
637,0
638,0
639,0
640,2
641,2
642,0
643,2
644,0
645,2
646,0
647,2
648,4
649,2
650,0
651,4
652,0
653,0
654,0
655,2
656,2
657,2
658,4
659,0
660,0
661,2
662,0
663,2
664,2
665,0
666,2
667,2
668,0
669,2
670,2
671,2
672,0
673,2
674,0
675,2
676,2
677,0
678,0
679,0
680,2
681,2
682,6
683,4
684,0
685,2
686,2
687,2
688,0
689,2
690,2
691,0
692,4
693,0
694,0
695,2
696,0
697,0
698,4
699,2
700,0
701,0
702,0
703,4
704,2
705,2
706,0
707,4
708,2
709,0
710,0
711,0
712,2
713,2
714,2
715,0
716,0
717,0
718,0
719,0
720,0
721,2
722,4
723,4
724,4
725,2
726,2
727,2
728,0
729,2
730,0
731,0
732,0
733,0
734,2
735,0
736,2
737,2
738,0
739,2
740,0
741,0
742,4
743,2
744,0
745,2
746,0
747,2
748,4
749,2
750,2
751,4
752,2
753,2
754,4
755,2
756,0
757,2
758,0
759,2
760,2
761,0
762,0
763,0
764,4
765,0
766,2
767,2
768,0
769,2
770,0
771,0
772,2
773,0
774,0
775,0
776,0
777,2
778,0
779,0
780,0
781,0
782,0
783,0
784,4
785,2
786,0
787,2
788,0
789,2
790,0
791,0
792,2
793,0
794,0
795,0
796,0
797,2
798,2
799,0
800,0
801,0
802,2
803,2
804,0
805,0
806,4
807,2
808,0
809,2
810,0
811,0
812,2
813,2
814,2
815,2
816,0
817,0
818,0
819,0
820,2
821,2
822,0
823,0
824,0
825,2
826,2
827,2
828,0
829,2
830,2
831,0
832,0
833,2
834,2
835,0
836,0
837,0
838,2
839,2
840,0
841,2
842,4
843,0
844,2
845,2
846,2
847,2
848,4
849,2
850,0
851,2
852,0
853,4
854,0
855,2
856,4
857,0
858,0
859,0
860,0
861,2
862,2
863,2
864,0
865,2
866,0
867,0
868,0
869,4
870,2
871,0
872,0
873,0
874,2
875,2
876,2
877,0
878,2
879,0
880,0
881,2
882,0
883,0
884,2
885,4
886,2
887,0
888,0
889,2
890,2
891,2
892,2
893,0
894,0
895,2
896,0
897,2
898,2
899,0
900,2
901,2
902,4
903,2
904,4
905,0
906,0
907,2
908,2
909,0
910,2
911,2
912,2
913,2
914,0
915,0
916,4
917,0
918,2
919,0
920,0
921,2
922,0
923,2
924,2
925,2
926,2
927,4
928,0
929,0
930,0
931,0
932,0
933,2
934,2
935,2
936,2
937,2
938,2
939,4
940,2
941,6
942,0
943,2
944,4
945,2
946,2
947,0
948,0
949,0
950,0
951,2
952,0
953,2
954,2
955,0
956,0
957,2
958,2
959,0
960,2
961,2
962,2
963,0
964,2
965,2
966,2
967,0
968,0
969,0
970,2
971,0
972,2
973,0
974,2
975,0
976,2
977,0
978,2
979,4
980,2
981,2
982,0
983,2
984,0
985,0
986,0
987,2
988,2
989,2
990,0
991,2
992,2
993,2
994,0
995,0
996,2
997,0
998,0
999,4
1000,2
1001,0
1002,0
1003,4
1004,2
1005,2
1006,4
1007,0
1008,0
1009,0
1010,2
1011,2
1012,2
1013,2
1014,0
1015,4
1016,0
1017,2
1018,2
1019,0
1020,2
1021,2
1022,0
1023,0
1024,4
1025,0
1026,2
1027,0
1028,4
1029,2
1030,2
1031,4
1032,0
1033,0
1034,0
1035,0
1036,2
1037,2
1038,0
1039,0
1040,2
1041,2
1042,2
1043,0
1044,0
1045,2
1046,2
1047,0
1048,4
1049,0
1050,2
1051,2
1052,4
1053,0
1054,0
1055,2
1056,0
1057,0
1058,0
1059,0
1060,0
1061,2
1062,0
1063,0
1064,0
1065,0
1066,0
1067,0
1068,0
1069,0
1070,0
1071,0
1072,0
1073,0
1074,0
1075,0
1076,0
1077,0
1078,0
1079,0
1080,0
1081,0
1082,0
1083,0
1084,0
1085,0
1086,0
1087,0
1088,0
1089,2
1090,4
1091,4
1092,4
1093,6
1094,4
1095,4
1096,4
1097,6
1098,0
1099,2
1100,6
1101,4
1102,6
1103,4
1104,2
1105,6
1106,4
1107,4
1108,2
1109,4
1110,2
1111,4
1112,4
1113,4
1114,6
1115,4
1116,6
1117,4
1118,6
1119,4
1120,2
1121,4
1122,2
1123,6
1124,4
1125,2
1126,2
1127,4
1128,4
1129,6
1130,4
1131,6
1132,4
1133,4
1134,2
1135,2
1136,4
1137,4
1138,4
1139,2
1140,4
1141,6
1142,4
1143,4
1144,2
1145,4
1146,2
1147,4
1148,2
1149,2
1150,4
1151,4
1152,2
1153,4
1154,0
1155,4
1156,4
1157,4
1158,4
1159,4
1160,4
1161,6
1162,2
1163,6
1164,6
1165,2
1166,4
1167,2
1168,4
1169,6
1170,6
1171,4
1172,2
1173,2
1174,4
1175,2
1176,4
1177,2
1178,4
1179,4
1180,6
1181,4
1182,4
1183,4
1184,6
1185,2
1186,2
1187,4
1188,4
1189,2
1190,4
1191,4
1192,4
1193,4
1194,6
1195,2
1196,4
1197,2
1198,4
1199,0
1200,2
1201,2
1202,4
1203,2
1204,4
1205,2
1206,4
1207,4
1208,4
1209,0
1210,2
1211,4
1212,8
1213,4
1214,4
1215,4
1216,4
1217,4
1218,4
1219,4
1220,2
1221,4
1222,4
1223,4
1224,4
1225,4
1226,2
1227,4
1228,2
1229,2
1230,6
1231,2
1232,6
1233,4
1234,4
1235,2
1236,0
1237,4
1238,2
1239,2
1240,4
1241,6
1242,2
1243,2
1244,2
1245,4
1246,4
1247,4
1248,4
1249,4
1250,6
1251,4
1252,4
1253,2
1254,4
1255,6
1256,0
1257,4
1258,4
1259,4
1260,4
1261,2
1262,4
1263,4
1264,2
1265,4
1266,2
1267,6
1268,4
1269,2
1270,4
1271,4
1272,4
1273,4
1274,2
1275,6
1276,6
1277,4
1278,2
1279,4
1280,4
1281,2
1282,4
1283,4
1284,4
1285,2
1286,2
1287,4
1288,4
1289,2
1290,4
1291,4
1292,4
1293,2
1294,2
1295,4
1296,2
1297,4
1298,0
1299,4
1300,2
1301,2
1302,4
1303,2
1304,2
1305,4
1306,4
1307,0
1308,6
1309,4
1310,0
1311,2
1312,2
1313,4
1314,6
1315,4
1316,2
1317,2
1318,4
1319,2
1320,2
1321,4
1322,6
1323,4
1324,2
1325,4
1326,4
1327,2
1328,6
1329,2
1330,2
1331,2
1332,2
1333,4
1334,6
1335,2
1336,6
1337,4
1338,4
1339,2
1340,4
1341,4
1342,4
1343,2
1344,4
1345,6
1346,6
1347,6
1348,4
1349,6
1350,2
1351,4
1352,2
1353,4
1354,2
1355,6
1356,2
1357,2
1358,4
1359,6
1360,2
1361,4
1362,4
1363,4
1364,4
1365,4
1366,4
1367,4
1368,4
1369,2
1370,2
1371,2
1372,2
1373,4
1374,4
1375,2
1376,2
1377,4
1378,4
1379,4
1380,4
1381,2
1382,4
1383,4
1384,4
1385,4
1386,2
1387,4
1388,4
1389,4
1390,2
1391,6
1392,4
1393,4
1394,2
1395,6
1396,2
1397,2
1398,4
1399,6
1400,2
1401,4
1402,4
1403,4
1404,4
1405,4
1406,6
1407,2
1408,4
1409,2
1410,4
1411,4
1412,2
1413,4
1414,4
1415,20
1416,0
1417,6
1418,4
1419,2
1420,4
1421,4
1422,6
1423,4
1424,4
1425,4
1426,4
1427,2
1428,0
1429,4
1430,4
1431,0
1432,0
1433,0
1434,2
1435,6
1436,2
1437,4
1438,6
1439,4
1440,0
1441,0
1442,0
1443,2
1444,0
1445,0
1446,0
1447,0
1448,0
1449,0
1450,0
1451,2
1452,2
1453,0
1454,0
1455,0
1456,0
1457,0
1458,0
1459,0
1460,0
1461,0
1462,4
1463,0
1464,0
1465,0
1466,0
1467,0
1468,0
1469,0
1470,2
1471,0
1472,0
1473,2
1474,0
1475,0
1476,0
1477,0
1478,2
1479,2
1480,0
1481,0
1482,0
1483,0
1484,0
1485,0
1486,0
1487,0
1488,0
1489,0
1490,2
1491,2
1492,0
1493,0
1494,2
1495,0
1496,0
1497,0
1498,6
1499,4
1500,10
1501,8
1502,6
1503,6
1504,6
1505,4
1506,4
1507,8
1508,8
1509,4
1510,2
1511,4
1512,8
1513,8
1514,6
1515,6
1516,6
1517,4
1518,4
1519,6
1520,6
1521,6
1522,0
1523,6
1524,6
1525,8
1526,6
1527,4
1528,8
1529,8
1530,4
1531,4
1532,0
1533,8
1534,6
1535,6
1536,6
1537,6
1538,2
1539,8
1540,8
1541,4
1542,4
1543,8
1544,6
1545,6
1546,8
1547,6
1548,6
1549,8
1550,8
1551,8
1552,8
1553,6
1554,8
1555,4
1556,6
1557,6
1558,8
1559,6
1560,8
1561,6
1562,8
1563,6
1564,8
1565,6
1566,6
1567,6
1568,6
1569,6
1570,6
1571,4
1572,4
1573,6
1574,6
1575,6
1576,4
1577,4
1578,6
1579,8
1580,4
1581,8
1582,6
1583,8
1584,6
1585,8
1586,6
1587,8
1588,4
1589,6
1590,6
1591,8
1592,8
1593,8
1594,4
1595,6
1596,6
1597,6
1598,4
1599,8
1600,4
1601,6
1602,4
1603,6
1604,8
1605,6
1606,6
1607,4
1608,6
1609,4
1610,4
1611,6
1612,4
1613,8
1614,6
1615,6
1616,4
1617,4
1618,4
1619,6
1620,6
1621,4
1622,8
1623,28
1624,8
1625,8
1626,4
1627,6
1628,8
1629,0
1630,8
1631,6
1632,6
1633,8
1634,4
1635,4
1636,6
1637,4
1638,6
1639,6
1640,8
1641,8
1642,4
1643,6
1644,6
1645,6
1646,4
1647,6
1648,8
1649,4
1650,6
1651,4
1652,0
1653,4
1654,6
1655,0
1656,8
1657,8
1658,6
1659,6
1660,4
1661,6
1662,4
1663,8
1664,6
1665,6
1666,6
1667,6
1668,0
1669,8
1670,8
1671,8
1672,4
1673,8
1674,4
1675,4
1676,4
1677,4
1678,6
1679,4
1680,4
1681,6
1682,6
1683,6
1684,4
1685,6
1686,6
1687,8
1688,6
1689,8
1690,8
1691,4
1692,0
1693,6
1694,6
1695,6
1696,6
1697,8
1698,4
1699,6
1700,4
1701,4
1702,6
1703,6
1704,8
1705,6
1706,8
1707,4
1708,8
1709,8
1710,6
1711,8
1712,8
1713,6
1714,4
1715,8
1716,6
1717,4
1718,4
1719,6
1720,4
1721,6
1722,8
1723,4
1724,4
1725,6
1726,8
1727,6
1728,8
1729,6
1730,4
1731,6
1732,8
1733,6
1734,6
1735,6
1736,6
1737,10
1738,6
1739,6
1740,4
1741,4
1742,6
1743,10
1744,6
1745,6
1746,6
1747,6
1748,8
1749,6
1750,8
1751,6
1752,6
1753,6
1754,6
1755,4
1756,8
1757,6
1758,6
1759,6
1760,6
1761,4
1762,8
1763,6
1764,6
1765,6
1766,4
1767,8
1768,6
1769,4
1770,6
1771,8
1772,4
1773,6
1774,0
1775,4
1776,4
1777,4
1778,8
1779,8
1780,6
1781,8
1782,8
1783,6
1784,6
1785,6
1786,6
1787,4
1788,8
1789,0
1790,0
1791,4
1792,6
1793,6
1794,2
1795,4
1796,6
1797,8
1798,8
1799,8
1800,4
1801,4
1802,8
1803,6
1804,6
1805,6
1806,8
1807,8
1808,8
1809,8
1810,6
1811,6
1812,6
1813,6
1814,4
1815,30
1816,4
1817,0
1818,0
1819,2
1820,0
1821,2
1822,0
1823,0
1824,2
1825,4
1826,0
1827,0
1828,2
1829,12
1830,0
1831,36
1832,2
1833,0
1834,2
1835,2
1836,34
1837,0
1838,0
1839,0
1840,0
1841,2
1842,0
1843,0
1844,2
1845,0
1846,0
1847,0
1848,34
1849,0
1850,0
1851,0
1852,0
1853,2
1854,0
1855,0
1856,0
1857,0
1858,0
1859,0
1860,0
1861,2
1862,0
1863,26
1864,0
1865,0
1866,20
1867,36
1868,0
1869,6
1870,10
1871,8
1872,8
1873,6
1874,0
1875,10
1876,6
1877,6
1878,8
1879,6
1880,8
1881,6
1882,8
1883,8
1884,12
1885,8
1886,8
1887,10
1888,6
1889,8
1890,8
1891,8
1892,8
1893,10
1894,8
1895,8
1896,8
1897,8
1898,8
1899,10
1900,8
1901,0
1902,8
1903,8
1904,8
1905,6
1906,8
1907,8
1908,6
1909,8
1910,8
1911,6
1912,8
1913,10
1914,8
1915,8
1916,10
1917,8
1918,6
1919,8
1920,8
1921,10
1922,10
1923,6
1924,8
1925,10
1926,8
1927,8
1928,0
1929,8
1930,10
1931,8
1932,8
1933,10
1934,8
1935,8
1936,8
1937,8
1938,0
1939,8
1940,10
1941,6
1942,10
1943,8
1944,10
1945,8
1946,8
1947,10
1948,8
1949,6
1950,6
1951,10
1952,8
1953,10
1954,8
1955,10
1956,6
1957,6
1958,8
1959,10
1960,10
1961,0
1962,6
1963,10
1964,10
1965,8
1966,0
1967,6
1968,0
1969,8
1970,8
1971,10
1972,10
1973,8
1974,10
1975,10
1976,8
1977,8
1978,10
1979,6
1980,8
1981,10
1982,8
1983,10
1984,8
1985,10
1986,8
1987,8
1988,6
1989,10
1990,12
1991,10
1992,6
1993,8
1994,8
1995,4
1996,0
1997,8
1998,6
1999,6
2000,8
2001,8
2002,10
2003,12
2004,8
2005,2
2006,12
2007,8
2008,10
2009,8
2010,8
2011,8
2012,10
2013,10
2014,10
2015,8
2016,8
2017,8
2018,10
2019,10
2020,6
2021,0
2022,10
2023,0
2024,8
2025,12
2026,10
2027,8
2028,8
2029,6
2030,10
2031,8
2032,8
2033,8
2034,12
2035,10
2036,8
2037,10
2038,8
2039,10
2040,8
2041,8
2042,6
2043,6
2044,2
2045,8
2046,10
2047,8
2048,8
2049,8
2050,8
2051,8
2052,10
2053,8
2054,10
2055,0
2056,10
2057,8
2058,8
2059,8
2060,8
2061,10
2062,10
2063,8
2064,10
2065,8
2066,8
2067,8
2068,8
2069,0
2070,10
2071,0
2072,6
2073,8
2074,8
2075,8
2076,6
2077,10
2078,8
2079,8
2080,10
2081,6
2082,8
2083,8
2084,10
2085,6
2086,8
2087,6
2088,10
2089,8
2090,0
2091,0
2092,0
2093,8
2094,0
2095,0
2096,6
2097,8
2098,6
2099,8
2100,6
2101,8
2102,8
2103,8
2104,10
2105,8
2106,4
2107,8
2108,8
2109,10
2110,6
2111,8
2112,10
2113,6
2114,8
2115,6
2116,10
2117,10
2118,8
2119,8
2120,8
2121,10
2122,10
2123,10
2124,6
2125,8
2126,6
2127,8
2128,10
2129,8
2130,0
2131,10
2132,8
2133,10
2134,8
2135,10
2136,0
2137,10
2138,0
2139,10
2140,8
2141,8
2142,6
2143,8
2144,8
2145,6
2146,8
2147,10
2148,8
2149,6
2150,8
2151,8
2152,8
2153,10
2154,6
2155,0
2156,10
2157,30
2158,10
2159,10
2160,0
2161,8
2162,8
2163,10
2164,6
2165,8
2166,6
2167,8
2168,10
2169,0
2170,8
2171,8
2172,8
2173,8
2174,8
2175,10
2176,8
2177,8
2178,10
2179,8
2180,6
2181,8
2182,8
2183,10
2184,0
2185,8
2186,6
2187,10
2188,2
2189,10
2190,8
2191,0
2192,8
2193,8
2194,8
2195,8
2196,8
2197,8
2198,8
2199,0
2200,6
2201,0
2202,6
2203,10
2204,6
2205,6
2206,8
2207,8
2208,10
2209,8
2210,6
2211,8
2212,10
2213,0
2214,8
2215,8
2216,8
2217,2
2218,6
2219,2
2220,6
2221,16
2222,36
2223,0
2224,8
2225,30
2226,6
2227,2
2228,34
2229,6
2230,0
2231,0
2232,0
2233,10
2234,2
2235,0
2236,6
2237,0
2238,36
2239,0
2240,0
2241,0
2242,0
2243,0
2244,0
2245,0
2246,8
2247,10
2248,12
2249,12
2250,10
2251,10
2252,12
2253,12
2254,10
2255,8
2256,8
2257,12
2258,12
2259,14
2260,12
2261,10
2262,28
2263,10
2264,10
2265,12
2266,8
2267,12
2268,12
2269,10
2270,12
2271,12
2272,10
2273,28
2274,12
2275,8
2276,8
2277,14
2278,4
2279,10
2280,12
2281,8
2282,8
2283,10
2284,8
2285,10
2286,12
2287,10
2288,10
2289,12
2290,6
2291,10
2292,14
2293,0
2294,10
2295,10
2296,12
2297,10
2298,12
2299,12
2300,8
2301,12
2302,12
2303,10
2304,10
2305,12
2306,10
2307,8
2308,10
2309,10
2310,12
2311,10
2312,12
2313,4
2314,10
2315,12
2316,8
2317,10
2318,12
2319,12
2320,0
2321,12
2322,10
2323,10
2324,12
2325,8
2326,12
2327,10
2328,12
2329,12
2330,12
2331,10
2332,10
2333,10
2334,10
2335,10
2336,14
2337,12
2338,12
2339,12
2340,12
2341,0
2342,8
2343,10
2344,12
2345,12
2346,10
2347,12
2348,12
2349,10
2350,12
2351,8
2352,12
2353,10
2354,10
2355,12
2356,10
2357,10
2358,12
2359,10
2360,10
2361,12
2362,10
2363,12
2364,12
2365,10
2366,10
2367,10
2368,12
2369,10
2370,12
2371,12
2372,10
2373,12
2374,14
2375,10
2376,12
2377,8
2378,12
2379,12
2380,10
2381,14
2382,12
2383,12
2384,12
2385,2
2386,10
2387,8
2388,12
2389,12
2390,12
2391,10
2392,12
2393,12
2394,12
2395,12
2396,8
2397,10
2398,8
2399,12
2400,12
2401,10
2402,12
2403,12
2404,14
2405,10
2406,10
2407,12
2408,12
2409,12
2410,8
2411,12
2412,10
2413,10
2414,10
2415,10
2416,12
2417,8
2418,8
2419,12
2420,8
2421,10
2422,10
2423,12
2424,10
2425,10
2426,10
2427,10
2428,12
2429,10
2430,10
2431,12
2432,10
2433,12
2434,12
2435,10
2436,12
2437,8
2438,10
2439,10
2440,12
2441,10
2442,12
2443,12
2444,12
2445,10
2446,10
2447,10
2448,12
2449,14
2450,12
2451,12
2452,8
2453,12
2454,12
2455,12
2456,10
2457,10
2458,12
2459,12
2460,10
2461,10
2462,8
2463,12
2464,14
2465,12
2466,0
2467,2
2468,8
2469,12
2470,12
2471,12
2472,10
2473,12
2474,10
2475,8
2476,8
2477,8
2478,12
2479,12
2480,14
2481,12
2482,10
2483,10
2484,12
2485,10
2486,10
2487,12
2488,10
2489,12
2490,12
2491,8
2492,12
2493,8
2494,12
2495,12
2496,12
2497,12
2498,4
2499,8
2500,12
2501,12
2502,10
2503,8
2504,8
2505,12
2506,12
2507,12
2508,10
2509,8
2510,8
2511,12
2512,12
2513,10
2514,12
2515,12
2516,10
2517,10
2518,12
2519,8
2520,12
2521,10
2522,8
2523,12
2524,8
2525,10
2526,10
2527,10
2528,12
2529,10
2530,12
2531,12
2532,12
2533,8
2534,10
2535,10
2536,12
2537,10
2538,8
2539,8
2540,10
2541,10
2542,8
2543,8
2544,12
2545,10
2546,10
2547,10
2548,12
2549,14
2550,10
2551,12
2552,28
2553,10
2554,12
2555,12
2556,12
2557,10
2558,10
2559,10
2560,12
2561,8
2562,2
2563,10
2564,12
2565,12
2566,12
2567,12
2568,8
2569,8
2570,8
2571,10
2572,14
2573,12
2574,12
2575,8
2576,18
2577,12
2578,12
2579,12
2580,12
2581,10
2582,12
2583,12
2584,10
2585,10
2586,0
2587,12
2588,8
2589,8
2590,12
2591,10
2592,12
2593,14
2594,14
2595,12
2596,12
2597,12
2598,12
2599,12
2600,16
2601,14
2602,10
2603,14
2604,14
2605,12
2606,16
2607,10
2608,12
2609,14
2610,12
2611,12
2612,12
2613,14
2614,14
2615,14
2616,0
2617,14
2618,16
2619,16
2620,14
2621,14
2622,10
2623,12
2624,14
2625,12
2626,14
2627,14
2628,14
2629,14
2630,12
2631,14
2632,14
2633,12
2634,14
2635,12
2636,12
2637,14
2638,14
2639,12
2640,12
2641,14
2642,10
2643,14
2644,14
2645,16
2646,10
2647,12
2648,14
2649,12
2650,12
2651,14
2652,14
2653,14
2654,10
2655,10
2656,14
2657,14
2658,14
2659,12
2660,14
2661,14
2662,14
2663,10
2664,14
2665,12
2666,12
2667,16
2668,10
2669,12
2670,14
2671,14
2672,14
2673,14
2674,14
2675,14
2676,14
2677,14
2678,14
2679,12
2680,14
2681,12
2682,14
2683,14
2684,12
2685,10
2686,14
2687,10
2688,12
2689,14
2690,14
2691,12
2692,14
2693,14
2694,12
2695,10
2696,12
2697,14
2698,14
2699,14
2700,14
2701,12
2702,10
2703,16
2704,16
2705,14
2706,14
2707,14
2708,14
2709,8
2710,14
2711,14
2712,14
2713,10
2714,10
2715,14
2716,10
2717,14
2718,12
2719,14
2720,14
2721,16
2722,12
2723,14
2724,14
2725,12
2726,14
2727,14
2728,14
2729,14
2730,14
2731,14
2732,14
2733,12
2734,14
2735,12
2736,12
2737,8
2738,14
2739,14
2740,12
2741,14
2742,10
2743,12
2744,14
2745,14
2746,14
2747,14
2748,12
2749,14
2750,14
2751,14
2752,14
2753,10
2754,12
2755,12
2756,14
2757,12
2758,12
2759,14
2760,14
2761,14
2762,14
2763,14
2764,14
2765,12
2766,14
2767,14
2768,14
2769,14
2770,14
2771,12
2772,12
2773,16
2774,14
2775,14
2776,28
2777,14
2778,12
2779,16
2780,12
2781,12
2782,14
2783,16
2784,12
2785,14
2786,14
2787,16
2788,10
2789,12
2790,14
2791,14
2792,12
2793,12
2794,12
2795,12
2796,14
2797,12
2798,16
2799,12
2800,14
2801,14
2802,14
2803,12
2804,14
2805,14
2806,14
2807,14
2808,14
2809,14
2810,14
2811,10
2812,10
2813,10
2814,12
2815,10
2816,10
2817,12
2818,12
2819,12
2820,12
2821,14
2822,14
2823,14
2824,14
2825,14
2826,14
2827,14
2828,12
2829,14
2830,12
2831,14
2832,12
2833,16
2834,14
2835,32
2836,14
2837,10
2838,10
2839,10
2840,12
2841,10
2842,14
2843,10
2844,10
2845,12
2846,14
2847,14
2848,12
2849,10
2850,12
2851,14
2852,10
2853,14
2854,14
2855,10
2856,14
2857,12
2858,26
2859,14
2860,10
2861,12
2862,12
2863,14
2864,14
2865,12
2866,14
2867,14
2868,14
2869,12
2870,16
2871,14
2872,14
2873,14
2874,12
2875,14
2876,10
2877,14
2878,12
2879,14
2880,14
2881,14
2882,12
2883,10
2884,14
2885,10
2886,14
2887,12
2888,14
2889,14
2890,14
2891,10
2892,14
2893,10
2894,14
2895,14
2896,12
2897,10
2898,12
2899,10
2900,14
2901,14
2902,14
2903,12
2904,26
2905,14
2906,12
2907,12
2908,12
2909,16
2910,14
2911,12
2912,14
2913,12
2914,14
2915,14
2916,12
2917,0
2918,10
2919,14
2920,12
2921,12
2922,26
2923,14
2924,14
2925,12
2926,14
2927,14
2928,14
2929,14
2930,16
2931,14
2932,14
2933,12
2934,16
2935,12
2936,16
2937,16
2938,16
2939,14
2940,16
2941,22
2942,16
2943,16
2944,14
2945,16
2946,16
2947,14
2948,18
2949,14
2950,12
2951,16
2952,16
2953,22
2954,16
2955,16
2956,14
2957,14
2958,16
2959,14
2960,14
2961,16
2962,12
2963,12
2964,16
2965,14
2966,14
2967,14
2968,12
2969,18
2970,14
2971,12
2972,16
2973,16
2974,16
2975,16
2976,14
2977,16
2978,12
2979,14
2980,14
2981,16
2982,16
2983,14
2984,16
2985,12
2986,16
2987,16
2988,32
2989,16
2990,12
2991,14
2992,16
2993,16
2994,16
2995,18
2996,16
2997,14
2998,16
2999,14
3000,20
3001,14
3002,14
3003,12
3004,16
3005,16
3006,14
3007,16
3008,16
3009,14
3010,18
3011,16
3012,14
3013,16
3014,16
3015,16
3016,14
3017,14
3018,16
3019,14
3020,16
3021,14
3022,12
3023,16
3024,16
3025,16
3026,16
3027,14
3028,16
3029,14
3030,16
3031,14
3032,14
3033,6
3034,12
3035,14
3036,14
3037,14
3038,16
3039,14
3040,14
3041,14
3042,14
3043,18
3044,16
3045,16
3046,16
3047,12
3048,16
3049,16
3050,16
3051,16
3052,14
3053,18
3054,16
3055,14
3056,14
3057,16
3058,14
3059,14
3060,16
3061,14
3062,16
3063,16
3064,14
3065,14
3066,14
3067,14
3068,14
3069,14
3070,14
3071,16
3072,16
3073,6
3074,16
3075,16
3076,16
3077,14
3078,18
3079,16
3080,16
3081,16
3082,12
3083,14
3084,14
3085,16
3086,14
3087,16
3088,14
3089,16
3090,16
3091,16
3092,16
3093,16
3094,12
3095,16
3096,16
3097,14
3098,16
3099,14
3100,12
3101,16
3102,16
3103,16
3104,12
3105,18
3106,14
3107,14
3108,16
3109,16
3110,16
3111,14
3112,16
3113,16
3114,12
3115,16
3116,16
3117,14
3118,30
3119,16
3120,12
3121,16
3122,14
3123,14
3124,16
3125,16
3126,16
3127,14
3128,14
3129,16
3130,14
3131,16
3132,14
3133,14
3134,16
3135,16
3136,16
3137,16
3138,16
3139,12
3140,16
3141,16
3142,14
3143,16
3144,12
3145,16
3146,16
3147,14
3148,14
3149,16
3150,12
3151,16
3152,16
3153,16
3154,16
3155,12
3156,16
3157,14
3158,14
3159,16
3160,12
3161,16
3162,16
3163,14
3164,14
3165,14
3166,16
3167,36
3168,18
3169,34
3170,14
3171,16
3172,14
3173,12
3174,14
3175,16
3176,14
3177,14
3178,14
3179,14
3180,14
3181,12
3182,16
3183,16
3184,14
3185,14
3186,16
3187,14
3188,12
3189,16
3190,16
3191,14
3192,16
3193,20
3194,16
3195,14
3196,14
3197,14
3198,18
3199,16
3200,14
3201,18
3202,12
3203,16
3204,16
3205,14
3206,12
3207,14
3208,16
3209,16
3210,16
3211,34
3212,16
3213,14
3214,12
3215,14
3216,14
3217,16
3218,18
3219,14
3220,18
3221,16
3222,16
3223,36
3224,18
3225,16
3226,18
3227,16
3228,14
3229,18
3230,14
3231,10
3232,20
3233,14
3234,14
3235,20
3236,20
3237,20
3238,20
3239,18
3240,20
3241,12
3242,16
3243,20
3244,20
3245,10
3246,14
3247,26
3248,20
3249,18
3250,20
3251,16
3252,20
3253,14
3254,22
3255,22
3256,18
3257,18
3258,20
3259,20
3260,20
3261,22
3262,22
3263,18
3264,22
3265,22
3266,14
3267,16
3268,22
3269,20
3270,20
3271,18
3272,20
3273,22
3274,22
3275,18
3276,20
3277,22
3278,24
3279,24
3280,24
3281,22
3282,20
3283,20
3284,24
3285,22
3286,24
3287,22
3288,24
3289,22
3290,18
3291,18
3292,20
3293,24
3294,24
3295,22
3296,20
3297,24
3298,22
3299,20
3300,24
3301,24
3302,22
3303,26
3304,24
3305,22
3306,24
3307,22
3308,26
3309,26
3310,22
3311,24
3312,24
3313,24
3314,22
3315,22
3316,24
3317,24
3318,24
3319,2
3320,26
3321,26
3322,24
3323,24
3324,22
3325,24
3326,28
3327,26
3328,26
3329,26
3330,26
3331,26
3332,28
3333,26
3334,24
3335,28
3336,26
3337,26
3338,28
3339,28
3340,24
3341,26
3342,28
3343,24
3344,28
3345,28
3346,28
3347,28
3348,26
3349,26
3350,26
3351,26
3352,28
3353,28
3354,26
3355,28
3356,26
3357,26
3358,28
3359,28
3360,26
3361,26
3362,24
3363,26
3364,26
3365,26
3366,28
3367,28
3368,30
3369,26
3370,28
3371,28
3372,26
3373,28
3374,26
3375,28
3376,30
3377,28
3378,26
3379,28
3380,30
3381,28
3382,26
3383,28
3384,30
3385,28
3386,26
3387,28
3388,26
3389,28
3390,28
3391,28
3392,28
3393,30
3394,26
3395,30
3396,28
3397,32
3398,30
3399,28
3400,30
3401,30
3402,26
3403,30
3404,26
3405,30
3406,28
3407,28
3408,28
3409,28
3410,30
3411,30
3412,28
3413,28
3414,32
3415,26
3416,28
3417,28
3418,28
3419,26
3420,30
3421,26
3422,28
3423,26
3424,30
3425,28
3426,22
3427,26
3428,28
3429,30
3430,26
3431,32
3432,32
3433,28
3434,30
3435,32
3436,30
3437,32
3438,30
3439,30
3440,26
3441,28
3442,32
3443,32
3444,28
3445,28
3446,32
3447,32
3448,34
3449,32
3450,32
3451,28
3452,30
3453,28
3454,30
3455,32
3456,32
3457,30
3458,30
3459,30
3460,30
3461,28
3462,28
3463,26
3464,28
3465,30
3466,32
3467,34
3468,32
3469,32
3470,32
3471,32
3472,30
3473,30
3474,30
3475,30
3476,30
3477,32
3478,30
3479,28
3480,30
3481,30
3482,32
3483,28
3484,28
3485,30
3486,28
3487,30
3488,28
3489,32
3490,28
3491,32
3492,32
3493,32
3494,28
3495,30
3496,30
3497,30
3498,30
3499,28
3500,32
3501,32
3502,28
3503,28
3504,34
3505,28
3506,30
3507,32
3508,32
3509,32
3510,34
3511,30
3512,32
3513,32
3514,32
3515,32
3516,28
3517,32
3518,34
3519,32
3520,32
3521,32
3522,34
3523,32
3524,34
3525,32
3526,32
3527,28
3528,32
3529,30
3530,34
3531,34
3532,32
3533,34
3534,30
3535,26
3536,28
3537,34
3538,34
3539,30
3540,34
3541,30
3542,32
3543,0
3544,34
3545,32
3546,32
3547,28
3548,32
3549,30
3550,30
3551,28
3552,32
3553,30
3554,30
3555,34
3556,32
3557,32
3558,30
3559,34
3560,32
3561,26
3562,30
3563,30
3564,32
3565,30
3566,32
3567,32
3568,32
3569,30
3570,30
3571,30
3572,34
3573,34
3574,32
3575,34
3576,34
3577,34
3578,34
3579,36
3580,34
3581,32
3582,36
3583,36
3584,32
3585,32
3586,28
3587,34
3588,30
3589,32
3590,34
3591,34
3592,32
3593,32
3594,36
3595,34
3596,32
3597,32
3598,34
3599,36
3600,34
3601,34
3602,34
3603,34
3604,38
3605,32
3606,34
3607,32
3608,32
3609,34
3610,34
3611,32
3612,34
3613,34
3614,34
3615,34
3616,34
3617,34
3618,34
3619,32
3620,32
3621,32
3622,34
3623,32
3624,34
3625,36
3626,36
3627,38
3628,36
3629,0
3630,36
3631,34
3632,34
3633,34
3634,38
3635,34
3636,36
3637,36
3638,36
3639,34
3640,36
3641,34
3642,34
3643,34
3644,34
3645,38
3646,36
3647,34
3648,38
3649,36
3650,34
3651,34
3652,36
3653,34
