,orbs_ratio,number_of_matches,number_good_matches,hamming_dct_post_resize_and_gray,descriptors_generation_time(ns),matcher_computation_time(ns)
0,1.0,420,420,0,140625000,140625000
1,0.0069124423963133645,428,3,46,15625000,15625000
2,0.4166666666666667,264,110,10,15625000,15625000
3,0.0779816513761468,436,34,16,0,0
4,1.0,432,432,0,15625000,15625000
5,0.3686274509803922,229,94,10,0,0
6,0.6093023255813953,430,262,0,15625000,15625000
7,0.9976470588235294,425,424,0,15625000,15625000
8,0.00936768149882904,416,4,30,15625000,15625000
9,0.006230529595015576,286,2,28,0,0
10,0.0,431,0,32,15625000,15625000
11,0.38215102974828374,437,167,16,15625000,15625000
12,1.0,437,437,0,15625000,15625000
13,0.011904761904761904,418,5,24,15625000,15625000
14,0.4226044226044226,407,172,24,15625000,15625000
15,1.0,433,433,0,0,93750000
16,0.7918552036199095,442,350,0,0,0
17,1.0,437,437,0,15625000,15625000
18,0.9700460829493087,434,421,0,15625000,15625000
19,1.0,449,449,0,15625000,15625000
20,1.0,449,449,0,15625000,15625000
21,0.6801909307875895,419,285,2,0,0
22,1.0,428,428,0,15625000,15625000
23,0.397212543554007,229,114,8,15625000,15625000
24,0.6282051282051282,385,245,12,15625000,15625000
25,1.0,361,361,0,0,0
26,0.06845965770171149,409,28,24,0,62500000
27,0.010810810810810811,363,4,32,15625000,15625000
28,1.0,425,425,0,0,0
29,1.0,403,403,0,0,0
30,0.8436657681940701,371,313,2,0,78125000
31,0.002331002331002331,423,1,26,0,0
32,1.0,434,434,0,0,0
33,1.0,429,429,0,0,0
34,0.21497584541062803,408,89,16,0,0
35,0.6675257731958762,384,259,4,0,0
36,0.7304964539007093,423,309,8,0,0
37,0.18561484918793503,423,80,22,0,0
38,1.0,426,426,0,15625000,15625000
39,0.002421307506053269,413,1,34,15625000,15625000
40,0.5913461538461539,415,246,14,0,109375000
41,0.830952380952381,420,349,0,15625000,15625000
42,0.0,404,0,32,0,0
43,1.0,423,423,0,15625000,15625000
44,0.5700483091787439,404,236,4,15625000,15625000
45,1.0,449,449,0,15625000,15625000
46,0.0049504950495049506,404,2,30,0,0
47,0.0971563981042654,420,41,18,0,78125000
48,0.48409090909090907,440,213,8,15625000,15625000
49,0.5100864553314121,347,177,4,15625000,15625000
50,0.22505800464037123,431,97,10,15625000,15625000
51,1.0,427,427,0,15625000,15625000
52,0.7493734335839599,390,299,2,15625000,15625000
53,0.9507389162561576,406,386,0,15625000,15625000
54,0.9524940617577197,418,401,2,0,109375000
55,1.0,413,413,0,0,109375000
56,0.014598540145985401,411,6,36,0,0
57,1.0,435,435,0,15625000,15625000
58,0.3669250645994832,385,142,6,15625000,15625000
59,0.42610837438423643,396,173,16,15625000,15625000
60,0.02102803738317757,428,9,30,15625000,15625000
61,0.8060747663551402,427,345,0,0,78125000
62,1.0,357,357,0,15625000,15625000
63,1.0,401,401,0,0,0
64,0.5952380952380952,420,250,4,0,0
65,0.7818627450980392,399,319,2,0,125000000
66,1.0,262,262,0,15625000,15625000
67,0.8195121951219512,410,336,0,15625000,15625000
68,0.7389277389277389,429,317,2,0,109375000
69,0.887905604719764,339,301,0,0,0
70,1.0,433,433,0,15625000,15625000
71,0.9040767386091128,416,377,0,0,0
72,0.463302752293578,435,202,10,15625000,15625000
73,1.0,379,379,0,15625000,15625000
74,0.007481296758104738,401,3,32,15625000,15625000
75,0.7909738717339667,416,333,0,15625000,109375000
76,0.44987775061124696,407,184,10,15625000,15625000
77,1.0,423,423,0,0,15625000
78,0.854066985645933,418,357,0,15625000,15625000
79,0.3832199546485261,432,169,8,15625000,15625000
80,0.8433179723502304,434,366,0,15625000,15625000
81,0.002304147465437788,434,1,26,0,109375000
82,0.012285012285012284,390,5,30,0,0
83,0.5080831408775982,429,220,12,15625000,15625000
84,1.0,379,379,0,15625000,15625000
85,0.016666666666666666,416,7,28,0,0
86,0.8838862559241706,422,373,2,0,0
87,0.009302325581395349,412,4,20,15625000,15625000
88,0.0,420,0,32,0,109375000
89,0.5835866261398176,329,192,12,0,93750000
90,0.006896551724137931,412,3,36,0,0
91,0.007058823529411765,425,3,32,0,0
92,0.8125,352,286,0,0,109375000
93,0.006772009029345372,436,3,22,15625000,15625000
94,0.009195402298850575,412,4,36,0,0
95,0.13317757009345793,425,57,14,15625000,15625000
96,0.8759894459102903,377,332,0,15625000,15625000
97,1.0,435,435,0,15625000,15625000
98,0.00477326968973747,410,2,38,15625000,15625000
99,0.44761904761904764,420,188,22,15625000,15625000
100,0.48072562358276644,433,212,8,0,0
101,0.01182033096926714,417,5,40,0,93750000
102,0.00234192037470726,427,1,30,0,0
103,0.017412935323383085,402,7,30,15625000,15625000
104,0.5749385749385749,388,234,6,0,0
105,0.004739336492890996,422,2,28,15625000,15625000
106,0.0023923444976076554,418,1,30,15625000,15625000
107,0.5579710144927537,414,231,6,15625000,15625000
108,1.0,384,384,0,15625000,15625000
109,1.0,434,434,0,0,0
110,1.0,428,428,0,0,109375000
111,0.7439024390243902,410,305,0,15625000,15625000
112,1.0,420,420,0,15625000,15625000
113,0.02097902097902098,429,9,24,15625000,15625000
114,1.0,424,424,0,0,0
115,0.9593023255813954,343,330,0,15625000,15625000
116,0.4679144385026738,374,175,18,0,0
117,0.3488943488943489,403,142,22,0,0
118,0.013986013986013986,429,6,24,15625000,15625000
119,0.5614849187935035,430,242,0,0,0
120,1.0,444,444,0,0,0
121,0.5691244239631337,431,247,12,0,0
122,0.04239401496259352,398,17,36,15625000,15625000
123,0.408675799086758,438,179,8,0,0
124,0.9202127659574468,371,346,0,15625000,15625000
125,1.0,428,428,0,0,15625000
126,0.7333333333333333,420,308,2,0,0
127,0.005235602094240838,375,2,24,0,0
128,0.632183908045977,435,275,0,0,109375000
129,0.004807692307692308,397,2,28,15625000,15625000
130,0.0024330900243309003,384,1,26,15625000,15625000
131,1.0,421,421,0,0,0
132,0.0072992700729927005,411,3,22,0,0
133,0.0,429,0,26,15625000,15625000
134,1.0,376,376,0,15625000,15625000
135,1.0,426,426,0,0,109375000
136,0.80622009569378,418,337,2,15625000,15625000
137,0.9953161592505855,427,425,0,15625000,15625000
138,0.3333333333333333,428,143,12,0,0
139,1.0,357,357,0,0,0
140,0.007159904534606206,419,3,32,0,0
141,1.0,428,428,0,0,0
142,0.8883374689826302,403,358,0,0,0
143,0.576036866359447,434,250,12,15625000,15625000
144,0.8034825870646766,400,323,2,0,0
145,0.36470588235294116,425,155,10,15625000,15625000
146,1.0,430,430,0,0,0
147,1.0,421,421,0,15625000,15625000
148,0.8140096618357487,409,337,2,0,0
149,1.0,384,384,0,15625000,15625000
150,0.34894613583138173,420,149,16,15625000,15625000
151,0.0892018779342723,420,38,18,0,0
152,1.0,411,411,0,0,0
153,0.7713567839195979,393,307,0,15625000,15625000
154,0.004901960784313725,404,2,36,0,0
155,0.3439024390243902,408,141,26,0,78125000
156,0.004662004662004662,396,2,32,0,109375000
157,0.38927738927738925,429,167,10,15625000,15625000
158,1.0,411,411,0,0,109375000
159,0.004640371229698376,431,2,26,0,0
160,0.33793103448275863,434,147,10,0,109375000
161,0.004662004662004662,429,2,28,15625000,15625000
162,0.0024449877750611247,251,1,30,0,0
163,1.0,421,421,0,0,0
164,0.01881720430107527,372,7,30,0,0
165,0.009280742459396751,404,4,32,0,109375000
166,0.7279411764705882,397,297,2,15625000,15625000
167,1.0,419,419,0,15625000,15625000
168,0.6767441860465117,424,291,4,0,109375000
169,0.0111731843575419,358,4,30,0,0
170,0.7674943566591422,443,340,4,15625000,15625000
171,0.009216589861751152,404,4,28,15625000,15625000
172,0.004597701149425287,435,2,32,15625000,15625000
173,0.18457943925233644,428,79,14,15625000,15625000
174,1.0,427,427,0,15625000,15625000
175,1.0,416,416,0,15625000,15625000
176,0.5628140703517588,393,224,2,15625000,15625000
177,1.0,379,379,0,15625000,15625000
178,0.4211764705882353,425,179,12,15625000,15625000
179,1.0,427,427,0,0,109375000
180,0.7956730769230769,416,331,0,15625000,15625000
181,0.7114427860696517,401,286,0,15625000,15625000
182,1.0,403,403,0,0,0
183,0.00228310502283105,418,1,28,15625000,15625000
184,0.07256235827664399,441,32,18,15625000,15625000
185,0.4718498659517426,373,176,18,15625000,78125000
186,0.04672897196261682,321,15,30,15625000,109375000
187,0.002304147465437788,434,1,42,31250000,31250000
188,0.00477326968973747,405,2,34,15625000,15625000
189,0.9142212189616253,443,405,0,31250000,31250000
190,0.017699115044247787,339,6,30,15625000,15625000
191,0.022727272727272728,396,9,30,15625000,15625000
192,0.39746835443037976,395,157,8,0,0
193,0.2817955112219451,387,113,8,0,0
194,0.284037558685446,426,121,12,0,109375000
195,0.06297229219143577,386,25,32,15625000,15625000
196,1.0,399,399,0,15625000,15625000
197,0.8967254408060453,397,356,0,15625000,15625000
198,0.0047169811320754715,424,2,24,15625000,15625000
199,0.9232673267326733,404,373,0,15625000,15625000
200,0.008849557522123894,339,3,30,0,0
201,0.7493734335839599,391,299,0,15625000,15625000
202,0.5480769230769231,416,228,14,15625000,15625000
203,0.3403755868544601,426,145,10,15625000,15625000
204,0.8311345646437994,374,315,0,0,0
205,1.0,432,432,0,15625000,15625000
206,0.0,416,0,30,15625000,15625000
207,0.6185819070904646,408,253,4,15625000,15625000
208,0.6,405,243,2,15625000,15625000
209,1.0,384,384,0,15625000,15625000
210,0.8557919621749409,422,362,0,15625000,15625000
211,1.0,425,425,0,0,0
212,0.17752808988764046,443,79,16,15625000,15625000
213,0.01583710407239819,436,7,32,15625000,15625000
214,0.2847058823529412,421,121,12,15625000,15625000
215,0.01272264631043257,341,5,22,0,0
216,0.49748743718592964,398,198,12,15625000,15625000
217,0.007075471698113208,424,3,30,0,0
218,0.5913461538461539,415,246,14,0,0
219,0.5989974937343359,396,239,10,15625000,15625000
220,1.0,427,427,0,0,109375000
221,0.009569377990430622,417,4,26,0,0
222,0.4769585253456221,434,207,8,0,0
223,0.08796296296296297,424,38,14,15625000,15625000
224,0.8281622911694511,419,347,0,0,0
225,0.33676092544987146,389,131,8,0,0
226,0.011904761904761904,420,5,30,15625000,15625000
227,0.5204819277108433,415,216,12,15625000,15625000
228,0.49872122762148335,391,195,8,15625000,15625000
229,1.0,384,384,0,0,0
230,1.0,403,403,0,0,62500000
231,0.5022935779816514,436,219,10,0,0
232,1.0,438,438,0,15625000,15625000
233,1.0,444,444,0,15625000,125000000
234,1.0,416,416,0,15625000,15625000
235,1.0,390,390,0,0,0
236,0.34236453201970446,404,139,20,15625000,15625000
237,1.0,418,418,0,0,0
238,0.8441860465116279,427,363,0,15625000,15625000
239,1.0,449,449,0,0,0
240,0.014285714285714285,420,6,32,0,0
241,0.7348484848484849,264,194,4,0,0
242,0.745958429561201,433,323,0,0,0
243,1.0,435,435,0,0,0
244,0.18876404494382024,445,84,16,15625000,15625000
245,1.0,410,410,0,15625000,15625000
246,0.31058823529411766,425,132,12,15625000,15625000
247,0.7559055118110236,373,288,0,0,0
248,0.8655660377358491,424,367,2,15625000,15625000
249,0.394919168591224,422,171,8,0,0
250,0.9207459207459208,429,395,0,15625000,15625000
251,1.0,389,389,0,15625000,15625000
252,0.35185185185185186,428,152,12,15625000,15625000
253,1.0,427,427,0,15625000,15625000
254,1.0,432,432,0,0,109375000
255,0.0024752475247524753,397,1,30,0,109375000
256,0.5461346633416458,397,219,8,0,0
257,0.0045351473922902496,441,2,24,15625000,15625000
258,0.8556962025316456,393,338,0,15625000,15625000
259,0.007042253521126761,425,3,20,15625000,15625000
260,1.0,195,195,0,15625000,15625000
261,1.0,432,432,0,15625000,15625000
262,0.16180371352785147,334,61,26,0,0
263,0.018912529550827423,423,8,32,15625000,15625000
264,0.002331002331002331,429,1,32,15625000,15625000
265,0.08256880733944955,436,36,18,15625000,15625000
266,1.0,428,428,0,15625000,15625000
267,0.843520782396088,409,345,2,15625000,15625000
268,0.0,409,0,26,0,0
269,0.03287671232876712,365,12,22,0,109375000
270,0.7494356659142212,438,332,4,0,0
271,0.8904761904761904,420,374,0,0,0
272,1.0,395,395,0,15625000,15625000
273,0.5552884615384616,411,231,14,0,0
274,0.0,429,0,34,15625000,15625000
275,1.0,434,434,0,0,0
276,0.014563106796116505,395,6,30,0,0
277,0.08200455580865604,436,36,18,15625000,15625000
278,1.0,398,398,0,15625000,15625000
279,0.12686567164179105,388,51,14,15625000,15625000
280,0.7512315270935961,406,305,0,0,0
281,0.7657004830917874,414,317,0,15625000,15625000
282,0.13317757009345793,425,57,14,15625000,15625000
283,0.004830917874396135,403,2,34,15625000,15625000
284,0.9158163265306123,389,359,0,15625000,15625000
285,1.0,432,432,0,15625000,15625000
286,1.0,418,418,0,15625000,15625000
287,0.8254716981132075,424,350,0,0,109375000
288,1.0,428,428,0,15625000,15625000
289,1.0,425,425,0,0,15625000
290,1.0,427,427,0,15625000,15625000
291,0.00228310502283105,418,1,28,15625000,15625000
292,0.2663316582914573,398,106,18,0,0
293,0.4457274826789838,433,193,12,15625000,15625000
294,0.0023148148148148147,432,1,26,0,0
295,0.6706730769230769,411,279,2,15625000,15625000
296,0.4976190476190476,420,209,6,0,109375000
297,0.5120772946859904,412,212,10,0,0
298,0.632183908045977,435,275,0,15625000,15625000
299,0.007263922518159807,403,3,34,0,0
300,0.017587939698492462,398,7,20,15625000,15625000
301,0.39952718676122934,420,169,16,0,0
302,0.05822784810126582,383,23,18,0,0
303,0.3843137254901961,247,98,10,0,0
304,1.0,421,421,0,15625000,15625000
305,0.0,432,0,26,15625000,15625000
306,1.0,427,427,0,0,93750000
307,0.9268867924528302,423,393,0,0,0
308,0.004672897196261682,428,2,30,15625000,15625000
309,1.0,418,418,0,0,0
310,0.7937649880095923,417,331,0,0,0
311,0.0,300,0,38,0,0
312,0.026378896882494004,417,11,28,15625000,15625000
313,1.0,433,433,0,0,0
314,0.9811320754716981,424,416,0,15625000,15625000
315,0.48243559718969553,420,206,18,15625000,15625000
316,0.0024752475247524753,404,1,36,0,0
317,0.01927710843373494,414,8,30,0,0
318,0.014184397163120567,423,6,30,15625000,15625000
319,1.0,427,427,0,15625000,15625000
320,0.4964871194379391,427,212,0,0,0
321,0.004807692307692308,397,2,28,0,0
322,0.004728132387706856,420,2,34,15625000,15625000
323,0.53125,416,221,14,0,0
324,0.7339449541284404,436,320,2,15625000,15625000
325,0.5162790697674419,424,222,8,0,93750000
326,0.8452088452088452,407,344,0,15625000,15625000
327,1.0,433,433,0,0,0
328,0.8845208845208845,407,360,0,15625000,15625000
329,0.8365853658536585,410,343,2,15625000,15625000
330,0.8164251207729468,414,338,0,15625000,15625000
331,0.7743467933491687,421,326,0,0,0
332,1.0,401,401,0,0,0
333,0.0045871559633027525,436,2,26,15625000,15625000
334,1.0,397,397,0,0,0
335,0.8018867924528302,424,340,0,0,0
336,0.014285714285714285,420,6,32,0,0
337,1.0,409,409,0,15625000,15625000
338,0.48514851485148514,403,196,14,15625000,15625000
339,0.47002398081534774,417,196,10,0,0
340,0.018912529550827423,423,8,36,15625000,15625000
341,0.48598130841121495,423,208,12,15625000,15625000
342,0.0072992700729927005,411,3,32,15625000,15625000
343,0.1889400921658986,429,82,16,15625000,15625000
344,0.37244897959183676,392,146,8,0,0
345,0.0,409,0,34,15625000,15625000
346,0.5680628272251309,382,217,10,15625000,15625000
347,0.8262032085561497,374,309,0,0,0
348,0.2687651331719128,387,111,8,0,0
349,1.0,427,427,0,15625000,15625000
350,1.0,449,449,0,0,0
351,0.0,422,0,32,0,0
352,0.007009345794392523,424,3,30,0,0
353,0.7488038277511961,417,313,2,15625000,15625000
354,0.07823960880195599,409,32,24,0,0
355,1.0,432,432,0,0,0
356,0.4009111617312073,437,176,8,15625000,15625000
357,0.9448275862068966,435,411,0,0,109375000
358,0.009411764705882352,425,4,28,0,0
359,0.8048780487804879,287,231,0,15625000,15625000
360,0.34498834498834496,429,148,18,0,0
361,1.0,427,427,0,0,0
362,0.004662004662004662,422,2,26,0,0
363,0.9590361445783132,411,398,0,0,0
364,0.43601895734597157,418,184,14,0,0
365,0.8791469194312796,422,371,0,15625000,15625000
366,0.01,381,4,24,0,0
367,0.0030864197530864196,286,1,28,0,0
368,0.018604651162790697,430,8,32,0,109375000
369,0.273972602739726,432,120,18,0,109375000
370,0.29238329238329236,407,119,20,15625000,15625000
371,0.6823821339950372,396,275,2,0,78125000
372,1.0,428,428,0,15625000,15625000
373,0.007075471698113208,412,3,36,0,0
374,1.0,427,427,0,15625000,15625000
375,0.6706730769230769,411,279,2,15625000,15625000
376,0.7757009345794392,428,332,0,0,109375000
377,1.0,384,384,0,0,109375000
378,0.6691358024691358,405,271,6,0,0
379,0.8373205741626795,418,350,0,15625000,15625000
380,0.20967741935483872,430,91,16,0,93750000
381,0.33568075117370894,426,143,10,31250000,31250000
382,0.4937655860349127,401,198,6,15625000,15625000
383,0.48009950248756217,402,193,8,15625000,15625000
384,0.8778054862842892,400,352,0,15625000,125000000
385,0.42824074074074076,423,185,10,15625000,15625000
386,1.0,377,377,0,31250000,31250000
387,0.8883610451306413,421,374,0,15625000,125000000
388,0.0069124423963133645,429,3,42,15625000,125000000
389,1.0,413,413,0,0,0
390,0.4387990762124711,433,190,10,31250000,31250000
391,1.0,398,398,0,15625000,15625000
392,0.5095693779904307,416,213,8,31250000,31250000
393,1.0,390,390,0,15625000,78125000
394,1.0,434,434,0,31250000,31250000
395,0.0022727272727272726,436,1,34,31250000,31250000
396,1.0,437,437,0,31250000,31250000
397,1.0,381,381,0,0,0
398,0.021897810218978103,411,9,38,15625000,15625000
399,0.10513447432762836,409,43,22,15625000,15625000
400,0.9506493506493506,385,366,0,0,0
401,0.06963788300835655,349,25,22,0,78125000
402,0.0,429,0,26,0,78125000
403,1.0,432,432,0,15625000,15625000
404,1.0,416,416,0,0,0
405,0.6784869976359338,423,287,0,0,0
406,0.784037558685446,421,334,0,0,0
407,1.0,419,419,0,0,109375000
408,0.011737089201877934,426,5,30,0,0
409,0.7649880095923262,417,319,2,0,93750000
410,1.0,403,403,0,15625000,15625000
411,0.18571428571428572,419,78,26,15625000,15625000
412,0.864321608040201,398,344,0,15625000,15625000
413,0.48484848484848486,429,208,6,15625000,15625000
414,0.6697892271662763,424,286,0,15625000,15625000
415,1.0,449,449,0,15625000,15625000
416,1.0,405,405,0,0,0
417,0.8758949880668258,418,367,0,15625000,15625000
418,0.5798525798525799,407,236,8,15625000,15625000
419,0.007009345794392523,416,3,36,15625000,15625000
420,0.18899521531100477,414,79,16,15625000,15625000
421,0.4449877750611247,406,182,10,0,0
422,0.8195121951219512,410,336,2,0,0
423,0.35989717223650386,385,140,6,0,0
424,1.0,433,433,0,15625000,15625000
425,0.2331002331002331,418,100,14,15625000,15625000
426,0.8397212543554007,287,241,0,15625000,15625000
427,0.6184834123222749,422,261,2,0,0
428,0.39443155452436196,425,170,12,15625000,15625000
429,0.5576923076923077,411,232,14,0,0
430,1.0,427,427,0,15625000,15625000
431,0.014285714285714285,420,6,32,0,0
432,0.38443396226415094,424,163,10,15625000,15625000
433,0.628140703517588,398,250,2,0,109375000
434,0.03282828282828283,394,13,32,0,0
435,1.0,420,420,0,0,0
436,0.36768149882903983,421,157,16,0,0
437,0.0787037037037037,424,34,14,15625000,15625000
438,0.8817733990147784,405,358,0,0,0
439,0.006772009029345372,440,3,24,15625000,15625000
440,0.01728395061728395,395,7,30,15625000,15625000
441,1.0,434,434,0,15625000,15625000
442,1.0,369,369,0,15625000,15625000
443,0.011990407673860911,404,5,30,15625000,15625000
444,0.8175,400,327,0,15625000,15625000
445,0.3051643192488263,425,130,12,0,93750000
446,0.46551724137931033,406,189,12,0,0
447,0.0069605568445475635,427,3,26,0,109375000
448,0.01160092807424594,431,5,28,0,0
449,1.0,419,419,0,15625000,15625000
450,0.3859223300970874,412,159,10,15625000,15625000
451,0.8070175438596491,284,230,2,0,0
452,1.0,449,449,0,15625000,15625000
453,0.9474940334128878,419,397,0,15625000,15625000
454,0.8169761273209549,374,308,0,0,0
455,0.3171912832929782,413,131,8,15625000,15625000
456,0.3730964467005076,380,147,12,0,0
457,0.20185614849187936,427,87,10,15625000,15625000
458,1.0,404,404,0,0,109375000
459,0.8690476190476191,417,365,0,0,0
460,0.8838862559241706,422,373,2,0,0
461,1.0,406,406,0,0,0
462,0.3954659949622166,395,157,8,15625000,15625000
463,0.011494252873563218,435,5,28,0,0
464,0.0069124423963133645,428,3,46,0,0
465,0.5433673469387755,392,213,10,15625000,15625000
466,0.777511961722488,418,325,0,15625000,15625000
467,0.5022935779816514,436,219,6,15625000,15625000
468,1.0,403,403,0,0,0
469,1.0,430,430,0,0,109375000
470,0.9021479713603818,419,378,0,15625000,15625000
471,0.015267175572519083,343,6,22,0,109375000
472,0.004866180048661801,386,2,36,15625000,15625000
473,0.08200455580865604,437,36,18,15625000,15625000
474,0.014285714285714285,416,6,28,15625000,15625000
475,0.0,441,0,24,15625000,15625000
476,0.011312217194570135,442,5,32,15625000,15625000
477,0.5012406947890818,403,202,6,0,0
478,0.24401913875598086,418,102,16,15625000,15625000
479,0.9721254355400697,287,279,0,15625000,15625000
480,1.0,420,420,0,0,78125000
481,0.5058823529411764,425,215,10,0,0
482,0.002304147465437788,428,1,30,15625000,15625000
483,0.33647058823529413,424,143,14,0,0
484,0.24401913875598086,418,102,16,0,0
485,0.01182033096926714,417,5,40,0,0
486,1.0,446,446,0,0,0
487,0.40420560747663553,428,173,18,15625000,15625000
488,0.4205128205128205,380,164,12,0,0
489,0.5576923076923077,411,232,14,0,0
490,0.3697674418604651,430,159,12,15625000,15625000
491,1.0,421,421,0,0,0
492,1.0,405,405,0,0,0
493,0.8564705882352941,425,364,0,0,0
494,1.0,434,434,0,0,0
495,0.20772946859903382,414,86,14,0,78125000
496,0.6790697674418604,428,292,0,0,0
497,0.024886877828054297,442,11,38,0,0
498,0.6898263027295285,402,278,2,15625000,15625000
499,0.0072992700729927005,401,3,30,15625000,15625000
500,0.9823232323232324,395,389,0,15625000,15625000
501,0.006802721088435374,441,3,24,15625000,15625000
502,0.0995260663507109,422,42,18,0,0
503,0.4846335697399527,423,205,24,15625000,15625000
504,0.0069605568445475635,427,3,26,15625000,15625000
505,1.0,403,403,0,15625000,15625000
506,1.0,420,420,0,15625000,15625000
507,0.8024096385542169,410,333,4,15625000,15625000
508,1.0,401,401,0,15625000,15625000
509,1.0,421,421,0,0,93750000
510,0.7949886104783599,439,349,6,0,0
511,0.45901639344262296,419,196,18,0,0
512,0.8726415094339622,424,370,2,0,0
513,1.0,414,414,0,15625000,15625000
514,0.5827505827505828,427,250,4,15625000,15625000
515,0.7085308056872038,422,299,0,15625000,15625000
516,1.0,398,398,0,15625000,15625000
517,0.14746543778801843,434,64,16,15625000,15625000
518,0.0893719806763285,407,37,20,0,0
519,0.007194244604316547,396,3,30,0,109375000
520,0.00683371298405467,439,3,34,15625000,15625000
521,0.16355140186915887,428,70,14,0,0
522,0.0966183574879227,406,40,20,15625000,15625000
523,0.37122969837587005,426,160,4,0,0
524,0.4882075471698113,424,207,16,15625000,15625000
525,0.37176470588235294,420,158,14,0,109375000
526,0.07090464547677261,409,29,22,0,0
527,1.0,398,398,0,0,0
528,1.0,325,325,0,0,0
529,0.9294117647058824,423,395,0,15625000,15625000
530,1.0,369,369,0,15625000,15625000
531,0.03282828282828283,396,13,30,0,109375000
532,1.0,357,357,0,15625000,15625000
533,0.10268948655256724,409,42,22,15625000,15625000
534,0.0047169811320754715,418,2,24,15625000,15625000
535,0.009324009324009324,429,4,16,15625000,15625000
536,0.0,432,0,28,0,0
537,0.016666666666666666,420,7,24,15625000,15625000
538,1.0,432,432,0,15625000,15625000
539,0.533498759305211,403,215,6,0,0
540,0.6302521008403361,357,225,0,0,0
541,1.0,390,390,0,15625000,15625000
542,1.0,325,325,0,0,0
543,1.0,414,414,0,15625000,15625000
544,1.0,432,432,0,15625000,15625000
545,0.4919908466819222,437,215,8,15625000,15625000
546,1.0,432,432,0,15625000,15625000
547,0.3071253071253071,407,125,20,15625000,15625000
548,0.3795454545454545,440,167,12,0,109375000
549,0.002570694087403599,389,1,24,15625000,15625000
550,1.0,390,390,0,0,0
551,0.8668341708542714,398,345,0,15625000,15625000
552,0.6915422885572139,402,278,2,0,0
553,0.3144963144963145,407,128,22,0,0
554,0.21345707656612528,431,92,10,15625000,15625000
555,1.0,427,427,0,0,0
556,0.009324009324009324,424,4,24,15625000,15625000
557,1.0,427,427,0,15625000,15625000
558,1.0,417,417,0,0,0
559,0.009900990099009901,404,4,30,15625000,15625000
560,0.017412935323383085,402,7,30,0,0
561,0.7683215130023641,420,325,0,15625000,15625000
562,0.03902439024390244,410,16,28,0,0
563,1.0,431,431,0,0,0
564,0.08899297423887588,420,38,20,15625000,15625000
565,0.19282511210762332,445,86,16,15625000,15625000
566,1.0,415,415,0,0,0
567,1.0,397,397,0,15625000,15625000
568,1.0,426,426,0,15625000,15625000
569,1.0,427,427,0,0,0
570,0.9691211401425178,420,408,0,15625000,15625000
571,0.02857142857142857,378,11,32,15625000,15625000
572,0.30512820512820515,387,119,10,15625000,15625000
573,0.0966183574879227,406,40,20,15625000,15625000
574,1.0,333,333,0,0,0
575,0.830952380952381,420,349,0,15625000,15625000
576,0.6913265306122449,373,271,0,0,0
577,1.0,432,432,0,0,0
578,1.0,417,417,0,0,0
579,0.004651162790697674,430,2,30,0,0
580,0.002531645569620253,395,1,24,15625000,15625000
581,0.007042253521126761,426,3,28,0,0
582,0.07368421052631578,334,28,24,15625000,15625000
583,0.7406542056074766,428,317,0,0,0
584,0.4965197215777262,431,214,6,0,0
585,0.5242494226327945,420,227,8,0,0
586,0.0,429,0,26,0,0
587,0.9524940617577197,418,401,2,0,0
588,0.3213429256594724,412,134,18,0,93750000
589,0.8251231527093597,391,335,0,15625000,15625000
590,0.42992874109263657,418,181,6,15625000,15625000
591,0.8648648648648649,407,352,0,0,0
592,0.2631578947368421,418,110,16,0,0
593,0.0026041666666666665,384,1,24,15625000,15625000
594,0.007462686567164179,402,3,32,15625000,15625000
595,0.10091743119266056,436,44,18,0,0
596,1.0,377,377,0,15625000,15625000
597,0.24154589371980675,414,100,22,15625000,15625000
598,1.0,357,357,0,15625000,15625000
599,0.011574074074074073,432,5,36,15625000,15625000
600,0.7881136950904393,387,305,0,0,0
601,0.6234413965087282,395,250,2,15625000,15625000
602,1.0,434,434,0,15625000,15625000
603,0.03282828282828283,396,13,30,15625000,15625000
604,1.0,384,384,0,15625000,109375000
605,0.8609112709832134,417,359,0,31250000,31250000
606,0.007211538461538462,416,3,24,15625000,78125000
607,0.8060747663551402,423,345,2,15625000,125000000
608,0.4753694581280788,393,193,10,0,109375000
609,0.002331002331002331,429,1,28,31250000,31250000
610,1.0,390,390,0,15625000,140625000
611,1.0,437,437,0,15625000,15625000
612,0.20574162679425836,413,86,16,15625000,15625000
613,0.004842615012106538,406,2,34,15625000,15625000
614,0.014598540145985401,411,6,28,0,0
615,0.8383084577114428,402,337,0,0,0
616,0.009501187648456057,419,4,38,0,0
617,0.007334963325183374,390,3,28,0,0
618,1.0,435,435,0,0,0
619,0.00936768149882904,427,4,24,0,0
620,0.00468384074941452,415,2,26,0,109375000
621,0.0023923444976076554,418,1,30,0,0
622,1.0,426,426,0,15625000,15625000
623,0.6767441860465117,424,291,4,15625000,15625000
624,0.6808510638297872,423,288,2,0,93750000
625,0.7841191066997518,398,316,0,0,0
626,0.24242424242424243,425,104,14,15625000,15625000
627,0.020930232558139535,430,9,32,0,0
628,1.0,426,426,0,0,93750000
629,0.8736559139784946,371,325,0,15625000,15625000
630,1.0,435,435,0,15625000,15625000
631,0.012738853503184714,137,4,36,0,109375000
632,0.4918793503480278,431,212,4,15625000,15625000
633,0.48243559718969553,420,206,18,0,0
634,0.5095693779904307,416,213,8,0,0
635,0.0,420,0,32,0,0
636,0.398989898989899,384,158,20,15625000,15625000
637,0.4,417,168,12,0,0
638,1.0,437,437,0,0,0
639,0.8214285714285714,419,345,2,0,0
640,0.8210023866348448,419,344,0,0,0
641,0.8790697674418605,428,378,0,15625000,15625000
642,0.8372093023255814,430,360,2,15625000,15625000
643,0.004842615012106538,413,2,34,0,0
644,0.8141809290953546,403,333,2,0,109375000
645,0.002325581395348837,429,1,32,15625000,15625000
646,1.0,437,437,0,0,125000000
647,0.8561151079136691,417,357,0,0,109375000
648,1.0,420,420,0,0,109375000
649,0.49884526558891457,429,216,6,15625000,15625000
650,0.004819277108433735,415,2,26,15625000,15625000
651,0.46867749419953597,428,202,8,15625000,15625000
652,0.72264631043257,375,284,2,15625000,15625000
653,0.7235294117647059,340,246,2,0,109375000
654,0.8885017421602788,287,255,0,15625000,15625000
655,0.29069767441860467,430,125,8,15625000,15625000
656,1.0,403,403,0,15625000,15625000
657,0.007614213197969543,394,3,28,15625000,15625000
658,0.2663316582914573,398,106,18,0,0
659,0.007334963325183374,403,3,34,0,0
660,1.0,427,427,0,0,0
661,1.0,427,427,0,0,0
662,0.06835443037974684,380,27,18,0,0
663,0.2331002331002331,418,100,14,0,0
664,0.7582938388625592,422,320,0,0,109375000
665,1.0,432,432,0,15625000,15625000
666,0.7762237762237763,286,222,0,0,0
667,0.21256038647342995,387,88,24,0,0
668,1.0,418,418,0,15625000,15625000
669,0.009732360097323601,411,4,30,0,0
670,0.06097560975609756,410,25,22,15625000,15625000
671,0.43364928909952605,422,183,10,15625000,15625000
672,0.29069767441860467,430,125,8,0,0
673,0.002257336343115124,435,1,24,15625000,15625000
674,0.4807017543859649,285,137,6,0,0
675,0.0,428,0,24,0,0
676,0.3826879271070615,435,168,10,0,0
677,0.8594470046082949,433,373,0,15625000,15625000
678,0.4818181818181818,434,212,8,15625000,15625000
679,0.634032634032634,429,272,2,0,0
680,0.9221698113207547,422,391,0,15625000,15625000
681,0.011441647597254004,416,5,24,15625000,15625000
682,0.005249343832020997,381,2,32,15625000,15625000
683,0.8633257403189066,439,379,0,15625000,15625000
684,0.07936507936507936,441,35,18,15625000,15625000
685,0.6232558139534884,430,268,4,0,0
686,0.5311004784688995,418,222,6,15625000,15625000
687,0.8164251207729468,413,338,2,15625000,15625000
688,0.24361948955916474,431,105,10,0,0
689,0.7349726775956285,366,269,0,0,0
690,0.4964871194379391,418,212,18,15625000,15625000
691,0.46115288220551376,399,184,10,15625000,15625000
692,1.0,397,397,0,15625000,15625000
693,1.0,401,401,0,0,0
694,1.0,401,401,0,15625000,15625000
695,1.0,379,379,0,15625000,15625000
696,0.007281553398058253,412,3,34,15625000,78125000
697,0.047979797979797977,394,19,26,15625000,15625000
698,0.3544973544973545,373,134,16,15625000,15625000
699,0.4,440,176,12,15625000,15625000
700,0.8357142857142857,420,351,2,15625000,15625000
701,0.00267379679144385,374,1,30,15625000,15625000
702,1.0,436,436,0,15625000,15625000
703,0.007246376811594203,414,3,32,0,0
704,1.0,427,427,0,0,0
705,0.08009153318077804,437,35,18,15625000,15625000
706,0.39563106796116504,412,163,10,15625000,15625000
707,0.8255813953488372,427,355,0,15625000,15625000
708,0.0,137,0,28,0,0
709,0.6511627906976745,429,280,0,15625000,15625000
710,0.049528301886792456,420,21,34,0,62500000
711,0.007009345794392523,420,3,36,15625000,15625000
712,0.4729064039408867,406,192,12,15625000,15625000
713,0.576036866359447,434,250,12,15625000,15625000
714,1.0,390,390,0,15625000,15625000
715,0.009216589861751152,434,4,44,15625000,15625000
716,0.3443396226415094,424,146,12,0,0
717,1.0,392,392,0,0,0
718,0.5724815724815725,407,233,4,15625000,15625000
719,0.2631578947368421,418,110,16,15625000,15625000
720,0.28809523809523807,420,121,16,0,93750000
721,1.0,384,384,0,15625000,78125000
722,1.0,427,427,0,31250000,31250000
723,0.44836272040302266,397,178,10,15625000,15625000
724,0.8927738927738927,429,383,0,15625000,15625000
725,0.7107843137254902,408,290,0,15625000,15625000
726,0.4602803738317757,428,197,10,0,0
727,0.03821656050955414,285,12,32,15625000,15625000
728,1.0,416,416,0,15625000,15625000
729,1.0,369,369,0,15625000,15625000
730,0.009478672985781991,422,4,30,0,0
731,0.4,417,168,12,15625000,15625000
732,0.02576112412177986,427,11,30,0,0
733,0.6292682926829268,410,258,2,0,78125000
734,0.0024752475247524753,404,1,32,15625000,15625000
735,1.0,384,384,0,15625000,15625000
736,0.6754807692307693,416,281,2,15625000,78125000
737,0.0024752475247524753,397,1,30,0,0
738,0.005025125628140704,398,2,26,0,0
739,0.0,387,0,30,15625000,15625000
740,0.05263157894736842,380,20,24,15625000,15625000
741,0.24401913875598086,418,102,16,0,78125000
742,0.9925093632958801,267,265,0,0,0
743,0.423444976076555,418,177,10,15625000,15625000
744,0.01567398119122257,319,5,28,15625000,15625000
745,0.5750577367205543,433,249,12,15625000,15625000
746,1.0,444,444,0,15625000,15625000
747,0.007075471698113208,424,3,30,15625000,15625000
748,0.6910377358490566,424,293,0,15625000,15625000
749,0.9976470588235294,425,424,0,15625000,15625000
750,0.015730337078651686,445,7,26,15625000,15625000
751,0.5034965034965035,429,216,6,0,125000000
752,0.4718498659517426,373,176,18,0,125000000
753,0.8349282296650717,417,349,2,15625000,15625000
754,0.002304147465437788,429,1,30,0,0
755,0.44919786096256686,374,168,18,0,0
756,1.0,384,384,0,15625000,109375000
757,1.0,428,428,0,15625000,15625000
758,0.48699763593380613,423,206,16,15625000,15625000
759,0.0,431,0,34,15625000,15625000
760,0.5452436194895591,428,235,6,0,109375000
761,1.0,435,435,0,15625000,15625000
762,0.004618937644341801,419,2,36,15625000,15625000
763,1.0,357,357,0,0,0
764,0.07936507936507936,441,35,18,15625000,15625000
765,0.5376884422110553,398,214,8,0,125000000
766,0.8815165876777251,417,372,0,15625000,15625000
767,0.004629629629629629,432,2,32,15625000,15625000
768,0.05411764705882353,425,23,32,15625000,15625000
769,0.02364066193853428,423,10,30,15625000,15625000
770,0.41568627450980394,253,106,10,15625000,15625000
771,0.35989717223650386,389,140,8,0,0
772,1.0,379,379,0,15625000,15625000
773,1.0,431,431,0,0,46875000
774,1.0,434,434,0,0,0
775,0.015945330296127564,439,7,32,0,62500000
776,1.0,425,425,0,15625000,15625000
777,1.0,427,427,0,0,0
778,1.0,357,357,0,15625000,15625000
779,1.0,426,426,0,15625000,15625000
780,0.20531400966183574,414,85,16,15625000,15625000
781,0.004640371229698376,431,2,36,0,109375000
782,0.20654911838790932,397,82,28,15625000,15625000
783,1.0,429,429,0,15625000,15625000
784,1.0,420,420,0,15625000,15625000
785,0.8483290488431876,389,330,0,0,0
786,1.0,397,397,0,0,46875000
787,0.38106796116504854,412,157,10,15625000,15625000
788,0.8791469194312796,422,371,0,0,62500000
789,0.5257009345794392,427,225,2,0,0
790,0.5352480417754569,378,205,8,15625000,15625000
791,0.41284403669724773,436,180,10,15625000,15625000
792,0.3741339491916859,433,162,6,15625000,15625000
793,1.0,384,384,0,15625000,15625000
794,0.46352941176470586,425,197,10,15625000,15625000
795,1.0,403,403,0,0,0
796,1.0,425,425,0,15625000,15625000
797,0.01182033096926714,417,5,40,15625000,15625000
798,0.0,445,0,24,0,0
799,0.8423645320197044,406,342,0,15625000,15625000
800,0.6548463356973995,423,277,2,15625000,15625000
801,0.4743276283618582,409,194,10,0,46875000
802,0.0024449877750611247,409,1,32,15625000,31250000
803,0.3917525773195876,388,152,8,15625000,15625000
804,0.08899297423887588,420,38,20,15625000,15625000
805,0.013574660633484163,442,6,24,0,109375000
806,1.0,403,403,0,15625000,15625000
807,1.0,405,405,0,0,0
808,0.6,418,252,6,15625000,15625000
809,0.10426540284360189,420,44,18,0,0
810,1.0,369,369,0,0,93750000
811,0.009324009324009324,427,4,18,0,0
812,0.8061224489795918,380,316,0,15625000,15625000
813,0.004975124378109453,402,2,26,15625000,109375000
814,0.815242494226328,427,353,2,15625000,140625000
815,1.0,432,432,0,31250000,31250000
816,0.4119106699751861,403,166,8,15625000,15625000
817,0.04205607476635514,428,18,32,15625000,15625000
818,0.5105263157894737,380,194,10,0,0
819,0.019559902200488997,382,8,34,15625000,15625000
820,1.0,403,403,0,0,0
821,1.0,398,398,0,15625000,15625000
822,0.5149253731343284,400,207,10,15625000,15625000
823,1.0,379,379,0,15625000,15625000
824,1.0,419,419,0,15625000,15625000
825,1.0,401,401,0,0,93750000
826,0.16180371352785147,334,61,26,15625000,15625000
827,1.0,411,411,0,0,0
828,0.8033573141486811,417,335,0,15625000,15625000
829,0.03561643835616438,298,13,26,0,125000000
830,0.5584795321637427,342,191,4,15625000,15625000
831,0.02517162471395881,427,11,38,0,0
832,0.03787878787878788,380,15,28,15625000,15625000
833,0.5868544600938967,426,250,8,15625000,15625000
834,0.627906976744186,430,270,4,0,125000000
835,0.009501187648456057,418,4,30,0,125000000
836,1.0,427,427,0,15625000,15625000
837,0.8384074941451991,427,358,0,0,0
838,0.3995381062355658,433,173,6,15625000,15625000
839,1.0,314,314,0,0,0
840,0.8950617283950617,324,290,0,15625000,15625000
841,0.8633257403189066,439,379,0,15625000,15625000
842,0.7089552238805971,402,285,0,15625000,15625000
843,0.8113207547169812,420,344,0,15625000,15625000
844,1.0,391,391,0,15625000,15625000
845,1.0,415,415,0,0,0
846,1.0,283,283,0,15625000,15625000
847,0.4221698113207547,420,179,8,0,0
848,0.576036866359447,434,250,12,15625000,15625000
849,0.4845605700712589,421,204,10,15625000,15625000
850,1.0,412,412,0,15625000,15625000
851,1.0,390,390,0,15625000,15625000
852,1.0,414,414,0,15625000,15625000
853,0.016666666666666666,420,7,24,0,0
854,0.015945330296127564,439,7,34,15625000,15625000
855,1.0,403,403,0,15625000,15625000
856,0.5584795321637427,342,191,4,15625000,15625000
857,0.08237986270022883,437,36,18,15625000,109375000
858,1.0,195,195,0,0,0
859,0.009259259259259259,432,4,30,15625000,15625000
860,0.2678983833718245,433,116,12,0,125000000
861,0.6919191919191919,396,274,2,0,0
862,0.8222996515679443,285,236,0,0,0
863,0.773972602739726,435,339,0,15625000,15625000
864,1.0,425,425,0,0,125000000
865,0.31265508684863524,399,126,14,15625000,15625000
866,0.8677685950413223,363,315,0,15625000,15625000
867,1.0,437,437,0,15625000,15625000
868,0.0,242,0,34,15625000,109375000
869,0.0071090047393364926,422,3,30,15625000,15625000
870,0.07368421052631578,334,28,24,15625000,15625000
871,0.8719806763285024,414,361,0,15625000,15625000
872,0.3640661938534279,423,154,20,15625000,15625000
873,0.7785234899328859,445,348,0,15625000,15625000
874,0.7292307692307692,325,237,0,15625000,15625000
875,0.004739336492890996,405,2,38,15625000,15625000
876,0.508557457212714,407,208,8,0,0
877,0.0025252525252525255,396,1,42,0,0
878,0.3854875283446712,435,170,10,15625000,15625000
879,0.35933806146572106,423,152,20,31250000,31250000
880,1.0,420,420,0,15625000,15625000
881,0.0045871559633027525,436,2,30,15625000,15625000
882,1.0,416,416,0,0,0
883,0.47073170731707314,410,193,12,15625000,15625000
884,0.27450980392156865,387,112,8,15625000,15625000
885,1.0,403,403,0,0,0
886,0.014749262536873156,324,5,30,0,0
887,1.0,312,312,0,0,0
888,0.004705882352941176,425,2,34,0,0
889,0.4724220623501199,417,197,14,0,0
890,0.007194244604316547,398,3,34,15625000,15625000
891,0.01627906976744186,404,7,28,15625000,15625000
892,0.011737089201877934,426,5,26,15625000,15625000
893,0.002551020408163265,390,1,26,0,125000000
894,0.8038277511961722,418,336,0,15625000,15625000
895,0.175,400,70,16,15625000,15625000
896,0.8248847926267281,434,358,2,15625000,15625000
897,1.0,401,401,0,15625000,15625000
898,0.007194244604316547,404,3,34,15625000,15625000
899,0.12655086848635236,402,51,28,15625000,15625000
900,0.0024813895781637717,398,1,26,0,0
901,0.014634146341463415,408,6,36,0,0
902,0.3614457831325301,165,60,14,0,0
903,1.0,427,427,0,15625000,15625000
904,0.1497695852534562,434,65,16,0,0
905,1.0,379,379,0,15625000,15625000
906,0.3939393939393939,429,169,14,0,0
907,0.3975609756097561,405,163,10,0,0
908,0.0049504950495049506,404,2,30,0,0
909,1.0,414,414,0,15625000,15625000
910,0.024330900243309004,411,10,34,0,0
911,0.48370927318295737,399,193,8,15625000,15625000
912,0.0049504950495049506,404,2,30,15625000,15625000
913,0.05411764705882353,425,23,32,0,62500000
914,0.004629629629629629,432,2,32,15625000,15625000
915,0.12189054726368159,402,49,28,15625000,15625000
916,0.015,314,6,34,15625000,15625000
917,1.0,384,384,0,15625000,15625000
918,0.012165450121654502,411,5,38,0,109375000
919,1.0,427,427,0,15625000,15625000
920,1.0,403,403,0,0,109375000
921,0.7333333333333333,420,308,0,0,109375000
922,0.10199004975124377,402,41,14,0,125000000
923,0.026004728132387706,423,11,36,15625000,15625000
924,0.8954703832752613,287,257,0,0,109375000
925,0.8257839721254355,284,237,2,15625000,15625000
926,1.0,379,379,0,0,109375000
927,1.0,403,403,0,15625000,15625000
928,0.21391752577319587,388,83,14,15625000,15625000
929,0.5233644859813084,424,224,12,15625000,15625000
930,0.8785046728971962,428,376,0,15625000,15625000
931,0.7783505154639175,384,302,2,15625000,15625000
932,0.1591928251121076,446,71,16,15625000,15625000
933,0.2694063926940639,438,118,18,0,15625000
934,0.01694915254237288,413,7,28,0,0
935,0.32041343669250644,387,124,16,0,0
936,0.48699763593380613,423,206,16,15625000,15625000
937,0.6415094339622641,422,272,2,15625000,15625000
938,0.004608294930875576,434,2,44,0,0
939,1.0,347,347,0,15625000,15625000
940,1.0,398,398,0,0,0
941,1.0,444,444,0,15625000,15625000
942,0.18571428571428572,419,78,26,15625000,15625000
943,1.0,384,384,0,15625000,15625000
944,0.8401826484018264,437,368,4,15625000,15625000
945,0.5138248847926268,434,223,22,15625000,93750000
946,0.0024813895781637717,403,1,28,15625000,15625000
947,0.44386422976501305,383,170,6,0,62500000
948,1.0,437,437,0,0,0
949,0.002638522427440633,379,1,28,15625000,15625000
950,0.5421052631578948,380,206,10,0,62500000
951,1.0,432,432,0,15625000,15625000
952,0.8443396226415094,424,358,0,15625000,15625000
953,0.8465227817745803,417,353,0,15625000,15625000
954,0.5090497737556561,435,225,8,0,125000000
955,0.01179245283018868,424,5,30,15625000,15625000
956,0.7593457943925234,428,325,0,15625000,15625000
957,0.36342592592592593,428,157,16,31250000,31250000
958,1.0,401,401,0,31250000,31250000
959,1.0,434,434,0,15625000,15625000
960,0.010178117048346057,344,4,22,15625000,15625000
961,1.0,428,428,0,15625000,15625000
962,0.0022988505747126436,372,1,26,0,78125000
963,1.0,401,401,0,15625000,15625000
964,0.6380090497737556,442,282,6,15625000,15625000
965,0.009868421052631578,259,3,32,0,0
966,0.8564476885644768,411,352,0,0,0
967,0.6216867469879518,401,258,0,0,46875000
968,0.009070294784580499,435,4,24,15625000,15625000
969,0.43529411764705883,425,185,12,15625000,15625000
970,0.00468384074941452,427,2,36,15625000,15625000
971,1.0,433,433,0,15625000,15625000
972,0.3333333333333333,413,139,18,15625000,15625000
973,0.24249422632794457,433,105,26,15625000,15625000
974,0.12935323383084577,402,52,28,0,125000000
975,0.002403846153846154,416,1,26,15625000,15625000
976,0.4666666666666667,420,196,8,15625000,15625000
977,1.0,428,428,0,15625000,15625000
978,0.6167979002624672,381,235,2,15625000,15625000
979,0.2669902912621359,408,110,8,15625000,15625000
980,0.4262295081967213,427,182,6,0,15625000
981,0.004640371229698376,430,2,36,15625000,125000000
982,0.0,402,0,34,15625000,15625000
983,0.3476190476190476,420,146,20,15625000,15625000
984,0.8349282296650717,418,349,0,15625000,15625000
985,0.0024449877750611247,404,1,32,15625000,15625000
